{
    "CommonButterfly": "0/false/0.005/0/1.75/true/true/0/false/spring,summer,fall,winter/0/1,1/600/1600/4/Mods\\NatureInTheValley\\Creatures\\CommonButterFly/0/0/0/80/1/60/15/Mods\\NatureInTheValley\\Creatures\\Items/CommonButterfly/Butterfly/32/32/ /4/false",
    "Moth": "0/false/0.004/0/1.5/true/true/0/false/spring,summer,fall,winter/0/0,1/1900/2600/4/Mods\\NatureInTheValley\\Creatures\\Moth/0/0/0/50/65/32/11",
    "SmallGrassYellowButterfly": "0/false/0.007/0/1.6/true/true/1/false/summer,fall/1/0,1,2/1000/2000/4/Mods\\NatureInTheValley\\Creatures\\SmallGrassYellowButterfly/0/0/0/110/2/44/20",
    "GreenDarner": "0/false/0.008/0/1.4/true/true/1/false/spring,summer/0/1,1/600/2000/4/Mods\\NatureInTheValley\\Creatures\\GreenDarner/0/0/0/120/3/35/13",
    "Cricket" : "0/true/0.005/800/0.9/true/true/2/false/summer,fall/0/0,0/1300/2600/5/Mods\\NatureInTheValley\\Creatures\\Cricket/-10/0/0/80/4/63/26",
    "Slug" : "0/true/0.001/0/2.25/true/true/1/false/spring,summer,fall/2/0,1/1900/2600/3/Mods\\NatureInTheValley\\Creatures\\Slug/14/0/13/110/5/30/20",
    "EarthWorm" : "0/true/0.002/0/0.89/true/true/2/false/spring,summer,fall,winter/0/0,0/600/1100/4/Mods\\NatureInTheValley\\Creatures\\EarthWorm/-16/0/0/100/6/49/15",
    "BlackAnt" : "0/true/0.005/500/0.7/true/true/0/false/spring,summer,fall,winter/0/0,3/600/2600/4/Mods\\NatureInTheValley\\Creatures\\BlackAnt/-16/0/0/40/7/19/15/Mods\\NatureInTheValley\\Creatures\\Items/Ant/Ant/32/32/ /4/false",
    "CaveBeetle" : "0/true/0.005/500/0.7/true/true/1/false/spring,summer,fall,winter/0/3,3/600/2600/3/Mods\\NatureInTheValley\\Creatures\\CaveBeetle/-16/0/0/40/76/13/20",
    "Centipede" : "0/true/0.004/500/0.89/true/true/0/false/spring,fall/0/0,3/1800/2600/4/Mods\\NatureInTheValley\\Creatures\\Centipede/-16/0/0/90/8/15/25",
    "BarkBeetle": "0/false/0.005/0/1.2/true/false/2/false/fall,winter/0/0,1/600/2600/1/Mods\\NatureInTheValley\\Creatures\\BarkBeetle/2/1/0/130/9/53.75/15.6",
    "GardenSnail" : "0/false/0.0001/1200/2.25/true/false/1/false/spring,summer,fall/0/0,3/600/1900/3/Mods\\NatureInTheValley\\Creatures\\GardenSnail/-6/2/-84/80/10/27/15.7",
    "FireAnt" : "0/true/0.006/850/0.7/true/true/0/false/spring,summer,fall,winter/0/4,4/600/2600/4/Mods\\NatureInTheValley\\Creatures\\FireAnt/-16/0/-3/60/11/60/37",
    "YellowGrassCaterpillar" : "0/false/0.0003/1200/1.2/true/false/1/false/summer,fall/0/0,1/600/2600/4/Mods\\NatureInTheValley\\Creatures\\YellowGrassCaterpillar/-6/2/-84/90/12/36/12.7",
    "PillBug": "0/false/0.007/0/0.89/true/false/0/false/spring,winter,summer,fall/0/0,1/600/2200/4/Mods\\NatureInTheValley\\Creatures\\PillBug/2/4/-84/60/13/52.45/21.6",
    "DesertLocust" : "0/true/0.008/800/1.1/true/true/1/false/spring,summer,fall,winter/0/4,4/1400/2600/5/Mods\\NatureInTheValley\\Creatures\\DesertLocust/-10/0/0/90/14/67/41",
    "WharfRoach" : "0/true/0.01/500/0.7/true/true/2/false/spring,summer,winter,fall/0/2,2/600/2600/5/Mods\\NatureInTheValley\\Creatures\\WharfRoach/-7/0/0/60/15/16/38",
    "SandFlea" : "0/true/0.005/500/0.7/true/true/0/false/spring,winter,fall/0/2,4/600/2600/3/Mods\\NatureInTheValley\\Creatures\\SandFlea/-7/0/0/60/63/22/43",
    "CaneToad" : "0/true/0.004/1000/1.6/true/true/0/false/summer,fall/0/1,1/600/2600/4/Mods\\NatureInTheValley\\Creatures\\CaneToad/0/0/0/110/16/55/9",
    "AnnualCicada": "0/false/0.005/0/1.4/true/false/2/false/summer,summer/0/0,1/600/2600/1/Mods\\NatureInTheValley\\Creatures\\AnnualCicada/2/1/0/70/17/29.75/14.6",
    "PeriodicalCicada": "0/false/0.005/0/1.6/true/false/3/false/spring,spring/3/0,1/600/2600/1/Mods\\NatureInTheValley\\Creatures\\PeriodicalCicada/2/1/0/200/18/46.75/10.6",

    "LeopardGecko": "1/false/0.007/0/1.55/true/false/2/false/spring,summer,fall,winter/1/2,4/900/1700/1/Mods\\NatureInTheValley\\Creatures\\LeopardGecko/2/1/0/150/19/38.75/10.6",
    "PondSkater": "1/true/0.012/1500/1.5/true/true/3/false/spring,fall/0/0,1,3/600/2600/5/Mods\\NatureInTheValley\\Creatures\\PondSkater/-6/3/0/130/20/41/24",
    "MonarchButterfly": "1/false/0.007/0/1.85/true/true/2/false/summer,fall/1/1,4/600/1700/4/Mods\\NatureInTheValley\\Creatures\\MonarchButterfly/1/0/0/150/21/56/13",
    "JewelBeetle": "1/false/0.007/0/1.5/true/false/3/false/spring,winter,summer,fall/0/0,1/600/2200/5/Mods\\NatureInTheValley\\Creatures\\JewelBeetle/2/4/-84/190/22/63.3/15.45",
    "Grasshopper" : "1/true/0.0085/1200/1.2/true/true/3/false/summer,fall/0/1,1/600/1600/10/Mods\\NatureInTheValley\\Creatures\\Grasshopper/-6/0/6/100/23/61/21",
    "CaveCrayfish" : "1/true/0.006/500/1.4/true/true/1/false/spring,summer,winter,fall/0/3,3/600/2600/4/Mods\\NatureInTheValley\\Creatures\\CaveCrayfish/-1/3/-3/250/68/21/20",
    "HermitCrab" : "1/true/0.0015/3000/2/true/true/0/false/spring,summer,fall,winter/0/2,2/600/2600/3/Mods\\NatureInTheValley\\Creatures\\HermitCrab/5/0/20/160/24/19/40",
    "PrayingMantis" : "1/false/0.005/1200/1.35/true/false/3/false/spring,spring/1/0,1/600/2600/3/Mods\\NatureInTheValley\\Creatures\\PrayingMantis/-6/2/-84/250/25/42/9.7",
    "DivingBeetle": "1/true/0.006/400/0.89/true/true/2/false/spring,summer,fall/0/0,1/600/2600/3/Mods\\NatureInTheValley\\Creatures\\DivingBeetle/-6/3/0/190/71/39/24",
    "StagBeetle": "1/false/0.007/0/1.55/true/false/3/false/spring,summer,fall/0/0,1/600/2000/3/Mods\\NatureInTheValley\\Creatures\\StagBeetle/2/1/0/300/26/50.75/10.6",  
    "SandWorm" : "1/true/0.0001/500/0.89/true/true/3/false/spring,summer,winter,fall/0/2,2/600/2600/6/Mods\\NatureInTheValley\\Creatures\\SandWorm/-7/0/0/120/75/10/38",
    "Bullfrog" : "1/true/0.003/1000/2/true/true/1/false/spring,summer,fall,winter/2/1,1/600/2600/4/Mods\\NatureInTheValley\\Creatures\\BullFrog/9/0/8/250/27/70/23",
    "JuneBeetle" : "1/true/0.006/1000/1.4/true/true/0/false/summer,summer/1/0,1/900/1600/6/Mods\\NatureInTheValley\\Creatures\\JuneBeetle/0/0/13/250/77/34/23",
    "HoneyAnt" : "1/true/0.006/500/0.7/true/true/0/false/spring,summer/0/1,4/800/1600/4/Mods\\NatureInTheValley\\Creatures\\HoneyAnt/-16/0/0/180/79/59/24",
    "BlisterBeetle": "1/false/0.007/0/1.5/true/false/3/false/spring,summer,fall,winter/0/4,4/2100/2600/3/Mods\\NatureInTheValley\\Creatures\\BlisterBeetle/2/1/0/250/73/74.75/38.55",
    "TreeFrog": "1/false/0.007/0/1.5/true/false/2/false/spring,summer,fall/2/1,1/600/1700/1/Mods\\NatureInTheValley\\Creatures\\TreeFrog/2/1/0/220/28/56.85/10.6",
    "LadyBug" : "1/false/0.0003/1200/1.3/true/false/3/false/spring,summer/0/0,1/1000/1800/1/Mods\\NatureInTheValley\\Creatures\\LadyBug/-6/2/-84/175/29/55/23.7",
    "PlantHopper" : "1/false/0.0003/1200/1.3/true/false/3/false/spring,summer/0/0,1/600/2600/4/Mods\\NatureInTheValley\\Creatures\\PlantHopper/-6/2/-84/175/30/59/12.7",
    "StickBug": "1/false/0.005/0/1.2/true/false/2/false/fall,fall/0/0,1/600/2600/1/Mods\\NatureInTheValley\\Creatures\\StickBug/2/1/0/100/69/65.75/13.6",
    "FireFly": "1/false/0.004/0/1.6/true/true/0/false/spring,summer/1/0,1/1900/2600/4/Mods\\NatureInTheValley\\Creatures\\FireFly/0/0/0/90/81/32/11/Mods\\NatureInTheValley\\Creatures\\Items/Firefly/Shiny/32/32/ /4/false",
    "Antlion" : "1/true/0.0003/850/0.89/true/true/0/false/spring,summer,fall,winter/0/4,4/600/2600/4/Mods\\NatureInTheValley\\Creatures\\Antlion/-16/0/-3/100/82/65/44",
    "MonarchCaterpillar" : "1/false/0.0003/1200/1.2/true/false/1/false/spring,summer/1/1,4/600/2600/4/Mods\\NatureInTheValley\\Creatures\\MonarchCaterpillar/-6/2/-84/220/31/71/26.7",
    "Bee": "1/false/0.007/0/1.45/true/true/2/false/spring,summer/1/0,1/600/1700/4/Mods\\NatureInTheValley\\Creatures\\Bee/1/0/0/200/32/45/13",

    "ThornyDevil" : "2/true/0.003/1000/1.5/false/true/1/true/summer,winter/0/4,4/600/2000/4/Mods\\NatureInTheValley\\Creatures\\ThornyDevil/5/0/0/800/33/73/40",
    "WeidemeyersAdmiral": "2/false/0.007/0/1.3/true/false/2/false/spring,winter/0/1,4/600/2600/4/Mods\\NatureInTheValley\\Creatures\\WeidemeyersAdmiral/-3/1/0/750/34/68.8/46.6",
    "BeardedDragon" : "2/true/0.0001/900/1.9/true/false/2/false/summer,spring,fall/1/2,4/600/2000/2/Mods\\NatureInTheValley\\Creatures\\BeardedDragon/8/0/15/850/35/72/44",
    "BlueTonguedSkink" : "2/false/0.007/0/1.9/true/false/4/false/fall,fall/0/0,1/600/2600/4/Mods\\NatureInTheValley\\Creatures\\BlueTonguedSkink/2/4/-84/900/36/33.3/16.45",
    "OrchidMantis" : "2/false/0.005/1200/1.3/true/false/3/false/spring,summer,fall,winter/1/1,4/600/2600/3/Mods\\NatureInTheValley\\Creatures\\OrchidMantis/-6/2/-84/650/37/31/23.7",
    "ScarletDarner": "2/false/0.008/0/1.5/true/true/1/false/summer,summer/0/1,2/900/1500/4/Mods\\NatureInTheValley\\Creatures\\ScarletDarner/0/0/0/650/38/66/19",
    "CaveSalamander" : "2/true/0.006/400/1.5/true/true/2/false/spring,summer,fall,winter/0/3,3/2000/2600/4/Mods\\NatureInTheValley\\Creatures\\CaveSalamander/3/0/-4/400/67/10/15",
    "GarterSnake" : "2/true/0.007/0/1.5/true/true/0/false/spring,fall/2/1,3/1200/2600/5/Mods\\NatureInTheValley\\Creatures\\GarterSnake/0/0/-4/1000/39/61/16",
    "Mudskipper" : "2/true/0.003/700/1.5/true/true/0/false/spring,summer,fall/2/2,2/900/2000/4/Mods\\NatureInTheValley\\Creatures\\Mudskipper/1/0/-3/160/83/15/40",
    "TigerBeetle" : "2/true/0.005/500/1.3/true/true/0/false/summer,winter/0/0,1/600/1400/4/Mods\\NatureInTheValley\\Creatures\\TigerBeetle/-4/0/-2/600/74/50/24",
    "HerculesBeetle": "2/false/0.007/0/1.75/true/false/4/false/spring,fall/0/0,1/900/2000/3/Mods\\NatureInTheValley\\Creatures\\HerculesBeetle/2/1/0/1200/40/33.65/10.6",
    "GoldenStag": "2/false/0.007/0/1.6/true/false/5/false/spring,fall,summer,winter/0/2,2/600/1600/3/Mods\\NatureInTheValley\\Creatures\\GoldenStag/2/1/0/1500/78/21.75/37.55",
    "StAndrewsSpider": "2/false/0.007/0/1.1/true/false/1/false/spring,summer,fall,winter/0/1,1/600/2600/3/Mods\\NatureInTheValley\\Creatures\\StAndrewsSpider/2/1/0/1100/62/69.75/19.6",
    "Millipede" : "2/true/0.004/500/0.89/true/true/0/false/spring,fall/0/0,3/1800/2600/4/Mods\\NatureInTheValley\\Creatures\\Millipede/-16/0/0/550/41/19/18",
    "BlueringOctopus": "2/true/0.003/0/1.4/false/true/1/true/summer,fall,spring/0/2,2/600/2600/4/Mods\\NatureInTheValley\\Creatures\\BlueringOctopus/-3/3/12/600/84/12/45",
    "FlyingFish": "2/true/0.01/0/1.75/true/true/3/false/winter,spring/0/2,2/600/2600/10/Mods\\NatureInTheValley\\Creatures\\FlyingFish/0/3/25/900/42/12/45",
    "HickoryHornedDevil" : "2/false/0.0003/1200/1.35/true/false/1/false/spring,summer/1/1,1/600/2600/4/Mods\\NatureInTheValley\\Creatures\\HickoryHornedDevil/-6/2/-84/1100/43/48/14.7",
    "RegalMoth": "2/false/0.007/0/2.1/true/true/3/false/summer,summer/1/1,1/1800/2600/4/Mods\\NatureInTheValley\\Creatures\\RegalMoth/8/0/0/850/44/36/10",

    "PotterWasp": "3/false/0.006/0/1.65/true/true/3/true/spring,summer/1/0,1/600/1700/4/Mods\\NatureInTheValley\\Creatures\\PotterWasp/1/0/0/950/45/52/17",
    "CoralSnake" : "3/true/0.006/1300/1.8/true/true/3/true/spring,winter/2/2,2/600/2200/5/Mods\\NatureInTheValley\\Creatures\\CoralSnake/0/0/18/2200/46/15/38",
    "FunnelWebSpider" : "3/true/0.006/1300/1.7/true/true/4/true/fall,spring/1/1,3/2000/2600/4/Mods\\NatureInTheValley\\Creatures\\FunnelWebSpider/-6/0/8/2100/47/15/13",
    "Axolotl" : "3/true/0.006/0/1.5/true/true/3/false/spring,summer,winter,fall/0/3,3/600/2600/3/Mods\\NatureInTheValley\\Creatures\\Axolotl/-7/3/0/2000/48/19/23",
    "GiantPetaltail": "3/false/0.009/0/2/true/true/1/false/summer,fall/0/1,1/800/1800/4/Mods\\NatureInTheValley\\Creatures\\GiantPetaltail/0/0/0/1800/49/56/18",
    "YellowSpottedLizard" : "3/true/0.006/900/1.5/true/true/4/false/spring,summer,fall,winter/2/1,1/2000/2600/4/Mods\\NatureInTheValley\\Creatures\\YellowSpottedLizard/3/0/-4/2000/50/31/12",
    "AtlasMoth": "3/false/0.007/0/1.95/true/false/5/false/spring,summer,fall/1/1,1/1700/2600/4/Mods\\NatureInTheValley\\Creatures\\AtlasMoth/2/1/0/4000/51/63.75/25.6",
    "AgriasButterfly": "2/false/0.007/0/2.0/true/true/3/false/spring,summer/1/1,2/1100/1700/4/Mods\\NatureInTheValley\\Creatures\\AgriasButterfly/1/0/0/2300/52/22/38",
    "DesertWhiteTail": "3/false/0.008/0/1.7/true/true/2/false/fall,winter/0/4,4/600/1600/4/Mods\\NatureInTheValley\\Creatures\\DesertWhiteTail/0/0/0/4500/53/66/38",
    "Scorpion" : "3/true/0.006/1300/1.7/true/true/3/true/summer,fall/1/4,4/1600/2600/4/Mods\\NatureInTheValley\\Creatures\\Scorpion/0/0/10/3000/54/66/38", 
    "SeaTurtle": "3/true/0.004/0/2.3/true/true/5/false/summer,fall,spring/0/2,2/600/2600/4/Mods\\NatureInTheValley\\Creatures\\SeaTurtle/10/3/12/5500/64/8/42",
    "FrilledLizard" : "3/true/0.004/0/1.6/true/true/4/false/spring,fall,winter/0/4,4/600/2000/4/Mods\\NatureInTheValley\\Creatures\\FrilledLizard/5/0/0/2200/55/63/36",
    "CapeCobra" : "3/true/0.006/1300/1.8/true/true/3/true/spring,winter/0/4,4/600/2200/4/Mods\\NatureInTheValley\\Creatures\\CapeCobra/5/0/9/5000/56/65/47",
    "Chameleon" : "3/false/0.0003/1200/1.4/true/false/2/false/summer,fall/0/1,1/600/2600/20/Mods\\NatureInTheValley\\Creatures\\Chameleon/-6/2/-84/3000/80/39/15.7",
    "SnappingTurtle" : "3/true/0.003/700/2.6/false/true/1/true/summer,spring,fall/2/1,1/800/2000/4/Mods\\NatureInTheValley\\Creatures\\SnappingTurtle/5/0/20/3500/66/41/11",
    "BlackWitchMoth": "3/false/0.007/0/1.9/true/false/6/false/spring,summer,fall,winter/0/4,4/2100/2600/4/Mods\\NatureInTheValley\\Creatures\\BlackWitchMoth/2/1/0/5000/57/60.75/37.55",
    "Tuatara" : "3/true/0.006/900/1.8/true/true/4/false/spring,winter/2/1,1/800/2000/4/Mods\\NatureInTheValley\\Creatures\\Tuatara/3/0/3/4000/70/49/23",

    "BlueAxolotl" : "4/true/0.006/0/1.35/true/true/4/false/spring,fall/0/3,3/600/2600/5/Mods\\NatureInTheValley\\Creatures\\BlueAxolotl/-7/3/0/12000/58/19/23",
    "MarineIguana" : "4/true/0.004/900/2.55/true/false/4/false/summer,winter/2/2,2/600/2000/4/Mods\\NatureInTheValley\\Creatures\\MarineIguana/18/0/48/13000/59/15/38/Mods\\NatureInTheValley\\Creatures\\Items/Marine Iguana/Iguana/64/32/false",
    "SweetGemBeetle": "4/false/0.007/0/1.65/true/false/4/false/spring,winter,summer,fall/0/1,1/600/2600/4/Mods\\NatureInTheValley\\Creatures\\SweetGemBeetle/2/4/-84/18000/60/43.3/15.45",
    "CactusCrab" : "4/true/0.009/15000/2.3/true/true/0/false/spring,fall,summer,winter/0/4,4/600/2600/2/Mods\\NatureInTheValley\\Creatures\\CactusCrab/0/0/25/14000/61/62/46",
    "WispOfWinter": "4/false/0.007/0/3.3/true/true/4/false/winter,winter/4/1,2/1800/2600/8/Mods\\NatureInTheValley\\Creatures\\WispOfWinter/32/0/0/20000/72/55/9"
}